{
    "like_accuracy": 0.7936404082700864,
    "like_loss": 0.49025761333579565,
    "fact_mrr": 0.3563623904361279,
    "fact_loss": 0.9545664285569881,
    "da_loss": 0,
    "da_micro_f1": 0.0,
    "da_micro_precision": 0.0,
    "da_micro_recall": 0.0,
    "policy_micro_f1": 0.0,
    "policy_micro_precision": 0.0,
    "policy_micro_recall": 0.0,
    "loss": 3.3539568984548653
}