{
    "like_accuracy": 0.8254892823858341,
    "like_loss": 0.4468863083986762,
    "fact_mrr": 0.38022421993491645,
    "fact_loss": 0.9738866803438767,
    "da_loss": 0.05719072783585661,
    "da_micro_f1": 0.7620164797436484,
    "da_micro_precision": 0.7635018919848641,
    "da_micro_recall": 0.7605368360936607,
    "policy_micro_f1": 0.666205152901517,
    "policy_micro_precision": 0.7042764413898435,
    "policy_micro_recall": 0.6320388349514563,
    "loss": 3.500942247994938
}