{
    "like_accuracy": 0.789191311175085,
    "like_loss": 0.4899721942867093,
    "fact_mrr": 0.37554841267492073,
    "fact_loss": 0.9451021301224577,
    "da_loss": 0.05983544436443334,
    "da_micro_f1": 0.758720738542697,
    "da_micro_precision": 0.7722147651006711,
    "da_micro_recall": 0.7456902138690862,
    "policy_micro_f1": 0.6533900047987934,
    "policy_micro_precision": 0.6934662398137369,
    "policy_micro_recall": 0.6176928062216461,
    "total": 2.576850467191496,
    "loss": 3.4641093806385594
}