{
    "like_accuracy": 0.7908924365349385,
    "like_loss": 0.49215812414182153,
    "fact_mrr": 0.3799813061828849,
    "fact_loss": 0.942528258068393,
    "da_loss": 0.059649225387107645,
    "da_micro_f1": 0.7534184433931697,
    "da_micro_precision": 0.7533696215655781,
    "da_micro_recall": 0.7534672715489307,
    "policy_micro_f1": 0.6628906783130887,
    "policy_micro_precision": 0.699956766104626,
    "policy_micro_recall": 0.629552819183409,
    "loss": 3.4558027039473305
}