{
    "like_accuracy": 0.8222273998136067,
    "like_loss": 0.45517553439977004,
    "fact_mrr": 0.37737922039432603,
    "fact_loss": 0.97853558792831,
    "da_loss": 0.057324514990406375,
    "da_micro_f1": 0.768194226636464,
    "da_micro_precision": 0.7814937367052707,
    "da_micro_recall": 0.7553398058252427,
    "policy_micro_f1": 0.6528833055849856,
    "policy_micro_precision": 0.6946215780998389,
    "policy_micro_recall": 0.6158766419189035,
    "total": 2.6206841524293827,
    "loss": 3.5263064314859993
}