{
    "like_accuracy": 0.8308104331625524,
    "like_loss": 0.4347212528867751,
    "fact_mrr": 0.37890452089590754,
    "fact_loss": 0.9769805864147518,
    "da_loss": 0.057225132418900544,
    "da_micro_f1": 0.7587568681318682,
    "da_micro_precision": 0.7569373072970196,
    "da_micro_recall": 0.7605851979345956,
    "policy_micro_f1": 0.666405118300338,
    "policy_micro_precision": 0.702979752960652,
    "policy_micro_recall": 0.6334480780263912,
    "loss": 3.497939816913249
}