{
    "like_accuracy": 0.8302282254308337,
    "like_loss": 0.4468573823756313,
    "fact_mrr": 0.3740595947045836,
    "fact_loss": 0.9831473621892632,
    "da_loss": 0.05699002356933696,
    "da_micro_f1": 0.7672333488588728,
    "da_micro_precision": 0.7787495567899776,
    "da_micro_recall": 0.7560527825588067,
    "policy_micro_f1": 0.6537564020971603,
    "policy_micro_precision": 0.6928759555469904,
    "policy_micro_recall": 0.6188181296615032,
    "total": 2.62527757109145,
    "loss": 3.5311871618957995
}