{
    "like_accuracy": 0.8131407269338303,
    "like_loss": 0.48137384528143806,
    "fact_mrr": 0.37098729574886613,
    "fact_loss": 1.0480870167661158,
    "da_loss": 0.06843413837161494,
    "da_micro_f1": 0.7329580988117573,
    "da_micro_precision": 0.7296807788091465,
    "da_micro_recall": 0.7362649914334666,
    "policy_micro_f1": 0.586459403905447,
    "policy_micro_precision": 0.6700425656832526,
    "policy_micro_recall": 0.5214163335237008,
    "total": 2.503545525399901,
    "loss": 3.783376031040405
}