{
    "like_accuracy": 0.8227759664648346,
    "like_loss": 0.4733153581156494,
    "fact_mrr": 0.3771777748213551,
    "fact_loss": 1.043805026674863,
    "da_loss": 0.06790718880499372,
    "da_micro_f1": 0.7328405491024288,
    "da_micro_precision": 0.7291157930603669,
    "da_micro_recall": 0.7366035570854848,
    "policy_micro_f1": 0.5910393918897155,
    "policy_micro_precision": 0.6737901152970551,
    "policy_micro_recall": 0.5263912794033276,
    "total": 2.523833682278334,
    "loss": 3.7612041923570336
}