{
    "like_accuracy": 0.8289473684210527,
    "like_loss": 0.4568658779774393,
    "fact_mrr": 0.4196271229134881,
    "fact_loss": 0.9836053574307365,
    "da_loss": 0.05088658659192531,
    "da_micro_f1": 0.7937918301407801,
    "da_micro_precision": 0.7983056748288268,
    "da_micro_recall": 0.789328743545611,
    "policy_micro_f1": 0.6349138457778319,
    "policy_micro_precision": 0.6790615605803163,
    "policy_micro_recall": 0.5961560527825588,
    "total": 2.6772801672531528,
    "loss": 3.538446533754005
}