{
    "like_accuracy": 0.8222273998136067,
    "like_loss": 0.462828446110213,
    "fact_mrr": 0.4179569662947255,
    "fact_loss": 0.9845104617361696,
    "da_loss": 0.05054955005715167,
    "da_micro_f1": 0.7947615888308768,
    "da_micro_precision": 0.802937576499388,
    "da_micro_recall": 0.7867504283266705,
    "policy_micro_f1": 0.6310721033705126,
    "policy_micro_precision": 0.6765551489806586,
    "policy_micro_recall": 0.5913192461450599,
    "total": 2.6660180583097217,
    "loss": 3.5475438611107584
}