{
    "like_accuracy": 0.8258996156981484,
    "like_loss": 0.4683699763956524,
    "fact_mrr": 0.54562495725857,
    "fact_loss": 1.1493150194485982,
    "da_loss": 0.038231436340581806,
    "da_micro_f1": 0.8449388738510962,
    "da_micro_precision": 0.877324108962876,
    "da_micro_recall": 0.814859437751004,
    "policy_micro_f1": 0.6817715617715617,
    "policy_micro_precision": 0.7438453713123092,
    "policy_micro_recall": 0.6292598967297762,
    "total": 2.898235008579376,
    "loss": 4.023755243846348
}