{
    "like_accuracy": 0.7926158680282797,
    "like_loss": 0.5046712128739608,
    "fact_mrr": 0.5169484184100781,
    "fact_loss": 1.0325183586070412,
    "da_loss": 0.042833293935185986,
    "da_micro_f1": 0.8281292241146255,
    "da_micro_precision": 0.8652026549922327,
    "da_micro_recall": 0.7941023979261179,
    "policy_micro_f1": 0.6890826648064179,
    "policy_micro_precision": 0.7460725075528701,
    "policy_micro_recall": 0.6401814646791963,
    "total": 2.826776175359401,
    "loss": 3.716125751796522
}