{
    "like_accuracy": 0.8196434813002447,
    "like_loss": 0.4495526793457213,
    "fact_mrr": 0.5411305569546578,
    "fact_loss": 1.079558247611636,
    "da_loss": 0.03892442211508751,
    "da_micro_f1": 0.8431588013424014,
    "da_micro_precision": 0.8783491120598973,
    "da_micro_recall": 0.8106796116504854,
    "policy_micro_f1": 0.688611449451888,
    "policy_micro_precision": 0.737573385518591,
    "policy_micro_recall": 0.6457452884066248,
    "total": 2.892544289049192,
    "loss": 3.7968548933664956
}