{
    "like_accuracy": 0.8150996155190493,
    "like_loss": 0.4742302568185897,
    "fact_mrr": 0.5459971975731936,
    "fact_loss": 1.161308277220953,
    "da_loss": 0.03780862121354966,
    "da_micro_f1": 0.8469518176143626,
    "da_micro_precision": 0.8830967581974835,
    "da_micro_recall": 0.8136493432324386,
    "policy_micro_f1": 0.6816358264655574,
    "policy_micro_precision": 0.7483100034141346,
    "policy_micro_recall": 0.6258709308966305,
    "total": 2.889684457172163,
    "loss": 4.065746341432844
}