{
    "like_accuracy": 0.8240363339932456,
    "like_loss": 0.4641984190259661,
    "fact_mrr": 0.5164024770111788,
    "fact_loss": 1.2431175481705439,
    "da_loss": 0.03983309554557005,
    "da_micro_f1": 0.8383895409300253,
    "da_micro_precision": 0.8695223420647149,
    "da_micro_recall": 0.8094090648307516,
    "policy_micro_f1": 0.6644909000029402,
    "policy_micro_precision": 0.6815029250346782,
    "policy_micro_recall": 0.6483075157773953,
    "total": 2.8433192519373898,
    "loss": 4.306021860667637
}