{
    "like_accuracy": 0.7910447761194029,
    "like_loss": 0.5022591650485992,
    "fact_mrr": 0.5167540813946015,
    "fact_loss": 0.9885221186437105,
    "da_loss": 0.04414790535443708,
    "da_micro_f1": 0.8239227340267459,
    "da_micro_precision": 0.8601748695529544,
    "da_micro_recall": 0.790602721970188,
    "policy_micro_f1": 0.6903943932939398,
    "policy_micro_precision": 0.7346103231466589,
    "policy_micro_recall": 0.6511989630589761,
    "total": 2.8221159848346904,
    "loss": 3.583325662110981
}