{
    "like_accuracy": 0.8204590469532798,
    "like_loss": 0.46233562912259785,
    "fact_mrr": 0.5062386901747224,
    "fact_loss": 1.2408439658937,
    "da_loss": 0.0394874479444254,
    "da_micro_f1": 0.8422397148373681,
    "da_micro_precision": 0.8775611265861962,
    "da_micro_recall": 0.8096516276413478,
    "policy_micro_f1": 0.6642671114622655,
    "policy_micro_precision": 0.6811498529676528,
    "policy_micro_recall": 0.6482010279840091,
    "total": 2.8332045634276355,
    "loss": 4.297733397710891
}