{
    "like_accuracy": 0.8277628974030511,
    "like_loss": 0.45084028726532344,
    "fact_mrr": 0.545861618600402,
    "fact_loss": 1.0791447872207278,
    "da_loss": 0.03917282615743932,
    "da_micro_f1": 0.8410420936933726,
    "da_micro_precision": 0.8720507607959096,
    "da_micro_recall": 0.8121629374641423,
    "policy_micro_f1": 0.6866025797030907,
    "policy_micro_precision": 0.7307991192850667,
    "policy_micro_recall": 0.6474469305794607,
    "total": 2.9012691893999163,
    "loss": 3.796602691922869
}